id,answer
test_0001,a
test_0002,a
test_0003,a
test_0004,a
test_0005,a
test_0006,a
test_0007,a
test_0008,a
test_0009,a
test_0010,a
test_0011,a
test_0012,a
test_0013,a
test_0014,a
test_0015,a
test_0016,a
test_0017,a
test_0018,a
test_0019,a
test_0020,a
test_0021,a
test_0022,a
test_0023,a
test_0024,a
test_0025,a
test_0026,a
test_0027,a
test_0028,a
test_0029,a
test_0030,a
test_0031,a
test_0032,a
test_0033,a
test_0034,a
test_0035,a
test_0036,a
test_0037,a
test_0038,a
test_0039,a
test_0040,a
test_0041,a
test_0042,a
test_0043,a
test_0044,a
test_0045,a
test_0046,a
test_0047,a
test_0048,a
test_0049,a
test_0050,a
test_0051,a
test_0052,a
test_0053,a
test_0054,a
test_0055,a
test_0056,a
test_0057,a
test_0058,a
test_0059,a
test_0060,a
test_0061,a
test_0062,a
test_0063,a
test_0064,a
test_0065,a
test_0066,a
test_0067,a
test_0068,a
test_0069,a
test_0070,a
test_0071,a
test_0072,a
test_0073,a
test_0074,a
test_0075,a
test_0076,a
test_0077,a
test_0078,a
test_0079,a
test_0080,a
test_0081,a
test_0082,a
test_0083,a
test_0084,a
test_0085,a
test_0086,a
test_0087,a
test_0088,a
test_0089,a
test_0090,a
test_0091,a
test_0092,a
test_0093,a
test_0094,a
test_0095,a
test_0096,a
test_0097,a
test_0098,a
test_0099,a
test_0100,a
test_0101,a
test_0102,a
test_0103,a
test_0104,a
test_0105,a
test_0106,a
test_0107,a
test_0108,a
test_0109,a
test_0110,a
test_0111,a
test_0112,a
test_0113,a
test_0114,a
test_0115,a
test_0116,a
test_0117,a
test_0118,a
test_0119,a
test_0120,a
test_0121,a
test_0122,a
test_0123,a
test_0124,a
test_0125,a
test_0126,a
test_0127,a
test_0128,a
test_0129,a
test_0130,a
test_0131,a
test_0132,a
test_0133,a
test_0134,a
test_0135,a
test_0136,a
test_0137,a
test_0138,a
test_0139,a
test_0140,a
test_0141,a
test_0142,a
test_0143,a
test_0144,a
test_0145,a
test_0146,a
test_0147,a
test_0148,a
test_0149,a
test_0150,a
test_0151,a
test_0152,a
test_0153,a
test_0154,a
test_0155,a
test_0156,a
test_0157,a
test_0158,a
test_0159,a
test_0160,a
test_0161,a
test_0162,a
test_0163,a
test_0164,a
test_0165,a
test_0166,a
test_0167,a
test_0168,a
test_0169,a
test_0170,a
test_0171,a
test_0172,a
test_0173,a
test_0174,a
test_0175,a
test_0176,a
test_0177,a
test_0178,a
test_0179,a
test_0180,a
test_0181,a
test_0182,a
test_0183,a
test_0184,a
test_0185,a
test_0186,a
test_0187,a
test_0188,a
test_0189,a
test_0190,a
test_0191,a
test_0192,a
test_0193,a
test_0194,a
test_0195,a
test_0196,a
test_0197,a
test_0198,a
test_0199,a
test_0200,a
test_0201,a
test_0202,a
test_0203,a
test_0204,a
test_0205,a
test_0206,a
test_0207,a
test_0208,a
test_0209,a
test_0210,a
test_0211,a
test_0212,a
test_0213,a
test_0214,a
test_0215,a
test_0216,a
test_0217,a
test_0218,a
test_0219,a
test_0220,a
test_0221,a
test_0222,a
test_0223,a
test_0224,a
test_0225,a
test_0226,a
test_0227,a
test_0228,a
test_0229,a
test_0230,a
test_0231,a
test_0232,a
test_0233,a
test_0234,a
test_0235,a
test_0236,a
test_0237,a
test_0238,a
test_0239,a
test_0240,a
test_0241,a
test_0242,a
test_0243,a
test_0244,a
test_0245,a
test_0246,a
test_0247,a
test_0248,a
test_0249,a
test_0250,a
test_0251,a
test_0252,a
test_0253,a
test_0254,a
test_0255,a
test_0256,a
test_0257,a
test_0258,a
test_0259,a
test_0260,a
test_0261,a
test_0262,a
test_0263,a
test_0264,a
test_0265,a
test_0266,a
test_0267,a
test_0268,a
test_0269,a
test_0270,a
test_0271,a
test_0272,a
test_0273,a
test_0274,a
test_0275,a
test_0276,a
test_0277,a
test_0278,a
test_0279,a
test_0280,a
test_0281,a
test_0282,a
test_0283,a
test_0284,a
test_0285,a
test_0286,a
test_0287,a
test_0288,a
test_0289,a
test_0290,a
test_0291,a
test_0292,a
test_0293,a
test_0294,a
test_0295,a
test_0296,a
test_0297,a
test_0298,a
test_0299,a
test_0300,a
test_0301,a
test_0302,a
test_0303,a
test_0304,a
test_0305,a
test_0306,a
test_0307,a
test_0308,a
test_0309,a
test_0310,a
test_0311,a
test_0312,a
test_0313,a
test_0314,a
test_0315,a
test_0316,a
test_0317,a
test_0318,a
test_0319,a
test_0320,a
test_0321,a
test_0322,a
test_0323,a
test_0324,a
test_0325,a
test_0326,a
test_0327,a
test_0328,a
test_0329,a
test_0330,a
test_0331,a
test_0332,a
test_0333,a
test_0334,a
test_0335,a
test_0336,a
test_0337,a
test_0338,a
test_0339,a
test_0340,a
test_0341,a
test_0342,a
test_0343,a
test_0344,a
test_0345,a
test_0346,a
test_0347,a
test_0348,a
test_0349,a
test_0350,a
test_0351,a
test_0352,a
test_0353,a
test_0354,a
test_0355,a
test_0356,a
test_0357,a
test_0358,a
test_0359,a
test_0360,a
test_0361,a
test_0362,a
test_0363,a
test_0364,a
test_0365,a
test_0366,a
test_0367,a
test_0368,a
test_0369,a
test_0370,a
test_0371,a
test_0372,a
test_0373,a
test_0374,a
test_0375,a
test_0376,a
test_0377,a
test_0378,a
test_0379,a
test_0380,a
test_0381,a
test_0382,a
test_0383,a
test_0384,a
test_0385,a
test_0386,a
test_0387,a
test_0388,a
test_0389,a
test_0390,a
test_0391,a
test_0392,a
test_0393,a
test_0394,a
test_0395,a
test_0396,a
test_0397,a
test_0398,a
test_0399,a
test_0400,a
test_0401,a
test_0402,a
test_0403,a
test_0404,a
test_0405,a
test_0406,a
test_0407,a
test_0408,a
test_0409,a
test_0410,a
test_0411,a
test_0412,a
test_0413,a
test_0414,a
test_0415,a
test_0416,a
test_0417,a
test_0418,a
test_0419,a
test_0420,a
test_0421,a
test_0422,a
test_0423,a
test_0424,a
test_0425,a
test_0426,a
test_0427,a
test_0428,a
test_0429,a
test_0430,a
test_0431,a
test_0432,a
test_0433,a
test_0434,a
test_0435,a
test_0436,a
test_0437,a
test_0438,a
test_0439,a
test_0440,a
test_0441,a
test_0442,a
test_0443,a
test_0444,a
test_0445,a
test_0446,a
test_0447,a
test_0448,a
test_0449,a
test_0450,a
test_0451,a
test_0452,a
test_0453,a
test_0454,a
test_0455,a
test_0456,a
test_0457,a
test_0458,a
test_0459,a
test_0460,a
test_0461,a
test_0462,a
test_0463,a
test_0464,a
test_0465,a
test_0466,a
test_0467,a
test_0468,a
test_0469,a
test_0470,a
test_0471,a
test_0472,a
test_0473,a
test_0474,a
test_0475,a
test_0476,a
test_0477,a
test_0478,a
test_0479,a
test_0480,a
test_0481,a
test_0482,a
test_0483,a
test_0484,a
test_0485,a
test_0486,a
test_0487,a
test_0488,a
test_0489,a
test_0490,a
test_0491,a
test_0492,a
test_0493,a
test_0494,a
test_0495,a
test_0496,a
test_0497,a
test_0498,a
test_0499,a
test_0500,a
test_0501,a
test_0502,a
test_0503,a
test_0504,a
test_0505,a
test_0506,a
test_0507,a
test_0508,a
test_0509,a
test_0510,a
test_0511,a
test_0512,a
test_0513,a
test_0514,a
test_0515,a
test_0516,a
test_0517,a
test_0518,a
test_0519,a
test_0520,a
test_0521,a
test_0522,a
test_0523,a
test_0524,a
test_0525,a
test_0526,a
test_0527,a
test_0528,a
test_0529,a
test_0530,a
test_0531,a
test_0532,a
test_0533,a
test_0534,a
test_0535,a
test_0536,a
test_0537,a
test_0538,a
test_0539,a
test_0540,a
test_0541,a
test_0542,a
test_0543,a
test_0544,a
test_0545,a
test_0546,a
test_0547,a
test_0548,a
test_0549,a
test_0550,a
test_0551,a
test_0552,a
test_0553,a
test_0554,a
test_0555,a
test_0556,a
test_0557,a
test_0558,a
test_0559,a
test_0560,a
test_0561,a
test_0562,a
test_0563,a
test_0564,a
test_0565,a
test_0566,a
test_0567,a
test_0568,a
test_0569,a
test_0570,a
test_0571,a
test_0572,a
test_0573,a
test_0574,a
test_0575,a
test_0576,a
test_0577,a
test_0578,a
test_0579,a
test_0580,a
test_0581,a
test_0582,a
test_0583,a
test_0584,a
test_0585,a
test_0586,a
test_0587,a
test_0588,a
test_0589,a
test_0590,a
test_0591,a
test_0592,a
test_0593,a
test_0594,a
test_0595,a
test_0596,a
test_0597,a
test_0598,a
test_0599,a
test_0600,a
test_0601,a
test_0602,a
test_0603,a
test_0604,a
test_0605,a
test_0606,a
test_0607,a
test_0608,a
test_0609,a
test_0610,a
test_0611,a
test_0612,a
test_0613,a
test_0614,a
test_0615,a
test_0616,a
test_0617,a
test_0618,a
test_0619,a
test_0620,a
test_0621,a
test_0622,a
test_0623,a
test_0624,a
test_0625,a
test_0626,a
test_0627,a
test_0628,a
test_0629,a
test_0630,a
test_0631,a
test_0632,a
test_0633,a
test_0634,a
test_0635,a
test_0636,a
test_0637,a
test_0638,a
test_0639,a
test_0640,a
test_0641,a
test_0642,a
test_0643,a
test_0644,a
test_0645,a
test_0646,a
test_0647,a
test_0648,a
test_0649,a
test_0650,a
test_0651,a
test_0652,a
test_0653,a
test_0654,a
test_0655,a
test_0656,a
test_0657,a
test_0658,a
test_0659,a
test_0660,a
test_0661,a
test_0662,a
test_0663,a
test_0664,a
test_0665,a
test_0666,a
test_0667,a
test_0668,a
test_0669,a
test_0670,a
test_0671,a
test_0672,a
test_0673,a
test_0674,a
test_0675,a
test_0676,a
test_0677,a
test_0678,a
test_0679,a
test_0680,a
test_0681,a
test_0682,a
test_0683,a
test_0684,a
test_0685,a
test_0686,a
test_0687,a
test_0688,a
test_0689,a
test_0690,a
test_0691,a
test_0692,a
test_0693,a
test_0694,a
test_0695,a
test_0696,a
test_0697,a
test_0698,a
test_0699,a
test_0700,a
test_0701,a
test_0702,a
test_0703,a
test_0704,a
test_0705,a
test_0706,a
test_0707,a
test_0708,a
test_0709,a
test_0710,a
test_0711,a
test_0712,a
test_0713,a
test_0714,a
test_0715,a
test_0716,a
test_0717,a
test_0718,a
test_0719,a
test_0720,a
test_0721,a
test_0722,a
test_0723,a
test_0724,a
test_0725,a
test_0726,a
test_0727,a
test_0728,a
test_0729,a
test_0730,a
test_0731,a
test_0732,a
test_0733,a
test_0734,a
test_0735,a
test_0736,a
test_0737,a
test_0738,a
test_0739,a
test_0740,a
test_0741,a
test_0742,a
test_0743,a
test_0744,a
test_0745,a
test_0746,a
test_0747,a
test_0748,a
test_0749,a
test_0750,a
test_0751,a
test_0752,a
test_0753,a
test_0754,a
test_0755,a
test_0756,a
test_0757,a
test_0758,a
test_0759,a
test_0760,a
test_0761,a
test_0762,a
test_0763,a
test_0764,a
test_0765,a
test_0766,a
test_0767,a
test_0768,a
test_0769,a
test_0770,a
test_0771,a
test_0772,a
test_0773,a
test_0774,a
test_0775,a
test_0776,a
test_0777,a
test_0778,a
test_0779,a
test_0780,a
test_0781,a
test_0782,a
test_0783,a
test_0784,a
test_0785,a
test_0786,a
test_0787,a
test_0788,a
test_0789,a
test_0790,a
test_0791,a
test_0792,a
test_0793,a
test_0794,a
test_0795,a
test_0796,a
test_0797,a
test_0798,a
test_0799,a
test_0800,a
test_0801,a
test_0802,a
test_0803,a
test_0804,a
test_0805,a
test_0806,a
test_0807,a
test_0808,a
test_0809,a
test_0810,a
test_0811,a
test_0812,a
test_0813,a
test_0814,a
test_0815,a
test_0816,a
test_0817,a
test_0818,a
test_0819,a
test_0820,a
test_0821,a
test_0822,a
test_0823,a
test_0824,a
test_0825,a
test_0826,a
test_0827,a
test_0828,a
test_0829,a
test_0830,a
test_0831,a
test_0832,a
test_0833,a
test_0834,a
test_0835,a
test_0836,a
test_0837,a
test_0838,a
test_0839,a
test_0840,a
test_0841,a
test_0842,a
test_0843,a
test_0844,a
test_0845,a
test_0846,a
test_0847,a
test_0848,a
test_0849,a
test_0850,a
test_0851,a
test_0852,a
test_0853,a
test_0854,a
test_0855,a
test_0856,a
test_0857,a
test_0858,a
test_0859,a
test_0860,a
test_0861,a
test_0862,a
test_0863,a
test_0864,a
test_0865,a
test_0866,a
test_0867,a
test_0868,a
test_0869,a
test_0870,a
test_0871,a
test_0872,a
test_0873,a
test_0874,a
test_0875,a
test_0876,a
test_0877,a
test_0878,a
test_0879,a
test_0880,a
test_0881,a
test_0882,a
test_0883,a
test_0884,a
test_0885,a
test_0886,a
test_0887,a
test_0888,a
test_0889,a
test_0890,a
test_0891,a
test_0892,a
test_0893,a
test_0894,a
test_0895,a
test_0896,a
test_0897,a
test_0898,a
test_0899,a
test_0900,a
test_0901,a
test_0902,a
test_0903,a
test_0904,a
test_0905,a
test_0906,a
test_0907,a
test_0908,a
test_0909,a
test_0910,a
test_0911,a
test_0912,a
test_0913,a
test_0914,a
test_0915,a
test_0916,a
test_0917,a
test_0918,a
test_0919,a
test_0920,a
test_0921,a
test_0922,a
test_0923,a
test_0924,a
test_0925,a
test_0926,a
test_0927,a
test_0928,a
test_0929,a
test_0930,a
test_0931,a
test_0932,a
test_0933,a
test_0934,a
test_0935,a
test_0936,a
test_0937,a
test_0938,a
test_0939,a
test_0940,a
test_0941,a
test_0942,a
test_0943,a
test_0944,a
test_0945,a
test_0946,a
test_0947,a
test_0948,a
test_0949,a
test_0950,a
test_0951,a
test_0952,a
test_0953,a
test_0954,a
test_0955,a
test_0956,a
test_0957,a
test_0958,a
test_0959,a
test_0960,a
test_0961,a
test_0962,a
test_0963,a
test_0964,a
test_0965,a
test_0966,a
test_0967,a
test_0968,a
test_0969,a
test_0970,a
test_0971,a
test_0972,a
test_0973,a
test_0974,a
test_0975,a
test_0976,a
test_0977,a
test_0978,a
test_0979,a
test_0980,a
test_0981,a
test_0982,a
test_0983,a
test_0984,a
test_0985,a
test_0986,a
test_0987,a
test_0988,a
test_0989,a
test_0990,a
test_0991,a
test_0992,a
test_0993,a
test_0994,a
test_0995,a
test_0996,a
test_0997,a
test_0998,a
test_0999,a
test_1000,a
test_1001,a
test_1002,a
test_1003,a
test_1004,a
test_1005,a
test_1006,a
test_1007,a
test_1008,a
test_1009,a
test_1010,a
test_1011,a
test_1012,a
test_1013,a
test_1014,a
test_1015,a
test_1016,a
test_1017,a
test_1018,a
test_1019,a
test_1020,a
test_1021,a
test_1022,a
test_1023,a
test_1024,a
test_1025,a
test_1026,a
test_1027,a
test_1028,a
test_1029,a
test_1030,a
test_1031,a
test_1032,a
test_1033,a
test_1034,a
test_1035,a
test_1036,a
test_1037,a
test_1038,a
test_1039,a
test_1040,a
test_1041,a
test_1042,a
test_1043,a
test_1044,a
test_1045,a
test_1046,a
test_1047,a
test_1048,a
test_1049,a
test_1050,a
test_1051,a
test_1052,a
test_1053,a
test_1054,a
test_1055,a
test_1056,a
test_1057,a
test_1058,a
test_1059,a
test_1060,a
test_1061,a
test_1062,a
test_1063,a
test_1064,a
test_1065,a
test_1066,a
test_1067,a
test_1068,a
test_1069,a
test_1070,a
test_1071,a
test_1072,a
test_1073,a
test_1074,a
test_1075,a
test_1076,a
test_1077,a
test_1078,a
test_1079,a
test_1080,a
test_1081,a
test_1082,a
test_1083,a
test_1084,a
test_1085,a
test_1086,a
test_1087,a
test_1088,a
test_1089,a
test_1090,a
test_1091,a
test_1092,a
test_1093,a
test_1094,a
test_1095,a
test_1096,a
test_1097,a
test_1098,a
test_1099,a
test_1100,a
test_1101,a
test_1102,a
test_1103,a
test_1104,a
test_1105,a
test_1106,a
test_1107,a
test_1108,a
test_1109,a
test_1110,a
test_1111,a
test_1112,a
test_1113,a
test_1114,a
test_1115,a
test_1116,a
test_1117,a
test_1118,a
test_1119,a
test_1120,a
test_1121,a
test_1122,a
test_1123,a
test_1124,a
test_1125,a
test_1126,a
test_1127,a
test_1128,a
test_1129,a
test_1130,a
test_1131,a
test_1132,a
test_1133,a
test_1134,a
test_1135,a
test_1136,a
test_1137,a
test_1138,a
test_1139,a
test_1140,a
test_1141,a
test_1142,a
test_1143,a
test_1144,a
test_1145,a
test_1146,a
test_1147,a
test_1148,a
test_1149,a
test_1150,a
test_1151,a
test_1152,a
test_1153,a
test_1154,a
test_1155,a
test_1156,a
test_1157,a
test_1158,a
test_1159,a
test_1160,a
test_1161,a
test_1162,a
test_1163,a
test_1164,a
test_1165,a
test_1166,a
test_1167,a
test_1168,a
test_1169,a
test_1170,a
test_1171,a
test_1172,a
test_1173,a
test_1174,a
test_1175,a
test_1176,a
test_1177,a
test_1178,a
test_1179,a
test_1180,a
test_1181,a
test_1182,a
test_1183,a
test_1184,a
test_1185,a
test_1186,a
test_1187,a
test_1188,a
test_1189,a
test_1190,a
test_1191,a
test_1192,a
test_1193,a
test_1194,a
test_1195,a
test_1196,a
test_1197,a
test_1198,a
test_1199,a
test_1200,a
test_1201,a
test_1202,a
test_1203,a
test_1204,a
test_1205,a
test_1206,a
test_1207,a
test_1208,a
test_1209,a
test_1210,a
test_1211,a
test_1212,a
test_1213,a
test_1214,a
test_1215,a
test_1216,a
test_1217,a
test_1218,a
test_1219,a
test_1220,a
test_1221,a
test_1222,a
test_1223,a
test_1224,a
test_1225,a
test_1226,a
test_1227,a
test_1228,a
test_1229,a
test_1230,a
test_1231,a
test_1232,a
test_1233,a
test_1234,a
test_1235,a
test_1236,a
test_1237,a
test_1238,a
test_1239,a
test_1240,a
test_1241,a
test_1242,a
test_1243,a
test_1244,a
test_1245,a
test_1246,a
test_1247,a
test_1248,a
test_1249,a
test_1250,a
test_1251,a
test_1252,a
test_1253,a
test_1254,a
test_1255,a
test_1256,a
test_1257,a
test_1258,a
test_1259,a
test_1260,a
test_1261,a
test_1262,a
test_1263,a
test_1264,a
test_1265,a
test_1266,a
test_1267,a
test_1268,a
test_1269,a
test_1270,a
test_1271,a
test_1272,a
test_1273,a
test_1274,a
test_1275,a
test_1276,a
test_1277,a
test_1278,a
test_1279,a
test_1280,a
test_1281,a
test_1282,a
test_1283,a
test_1284,a
test_1285,a
test_1286,a
test_1287,a
test_1288,a
test_1289,a
test_1290,a
test_1291,a
test_1292,a
test_1293,a
test_1294,a
test_1295,a
test_1296,a
test_1297,a
test_1298,a
test_1299,a
test_1300,a
test_1301,a
test_1302,a
test_1303,a
test_1304,a
test_1305,a
test_1306,a
test_1307,a
test_1308,a
test_1309,a
test_1310,a
test_1311,a
test_1312,a
test_1313,a
test_1314,a
test_1315,a
test_1316,a
test_1317,a
test_1318,a
test_1319,a
test_1320,a
test_1321,a
test_1322,a
test_1323,a
test_1324,a
test_1325,a
test_1326,a
test_1327,a
test_1328,a
test_1329,a
test_1330,a
test_1331,a
test_1332,a
test_1333,a
test_1334,a
test_1335,a
test_1336,a
test_1337,a
test_1338,a
test_1339,a
test_1340,a
test_1341,a
test_1342,a
test_1343,a
test_1344,a
test_1345,a
test_1346,a
test_1347,a
test_1348,a
test_1349,a
test_1350,a
test_1351,a
test_1352,a
test_1353,a
test_1354,a
test_1355,a
test_1356,a
test_1357,a
test_1358,a
test_1359,a
test_1360,a
test_1361,a
test_1362,a
test_1363,a
test_1364,a
test_1365,a
test_1366,a
test_1367,a
test_1368,a
test_1369,a
test_1370,a
test_1371,a
test_1372,a
test_1373,a
test_1374,a
test_1375,a
test_1376,a
test_1377,a
test_1378,a
test_1379,a
test_1380,a
test_1381,a
test_1382,a
test_1383,a
test_1384,a
test_1385,a
test_1386,a
test_1387,a
test_1388,a
test_1389,a
test_1390,a
test_1391,a
test_1392,a
test_1393,a
test_1394,a
test_1395,a
test_1396,a
test_1397,a
test_1398,a
test_1399,a
test_1400,a
test_1401,a
test_1402,a
test_1403,a
test_1404,a
test_1405,a
test_1406,a
test_1407,a
test_1408,a
test_1409,a
test_1410,a
test_1411,a
test_1412,a
test_1413,a
test_1414,a
test_1415,a
test_1416,a
test_1417,a
test_1418,a
test_1419,a
test_1420,a
test_1421,a
test_1422,a
test_1423,a
test_1424,a
test_1425,a
test_1426,a
test_1427,a
test_1428,a
test_1429,a
test_1430,a
test_1431,a
test_1432,a
test_1433,a
test_1434,a
test_1435,a
test_1436,a
test_1437,a
test_1438,a
test_1439,a
test_1440,a
test_1441,a
test_1442,a
test_1443,a
test_1444,a
test_1445,a
test_1446,a
test_1447,a
test_1448,a
test_1449,a
test_1450,a
test_1451,a
test_1452,a
test_1453,a
test_1454,a
test_1455,a
test_1456,a
test_1457,a
test_1458,a
test_1459,a
test_1460,a
test_1461,a
test_1462,a
test_1463,a
test_1464,a
test_1465,a
test_1466,a
test_1467,a
test_1468,a
test_1469,a
test_1470,a
test_1471,a
test_1472,a
test_1473,a
test_1474,a
test_1475,a
test_1476,a
test_1477,a
test_1478,a
test_1479,a
test_1480,a
test_1481,a
test_1482,a
test_1483,a
test_1484,a
test_1485,a
test_1486,a
test_1487,a
test_1488,a
test_1489,a
test_1490,a
test_1491,a
test_1492,a
test_1493,a
test_1494,a
test_1495,a
test_1496,a
test_1497,a
test_1498,a
test_1499,a
test_1500,a
test_1501,a
test_1502,a
test_1503,a
test_1504,a
test_1505,a
test_1506,a
test_1507,a
test_1508,a
test_1509,a
test_1510,a
test_1511,a
test_1512,a
test_1513,a
test_1514,a
test_1515,a
test_1516,a
test_1517,a
test_1518,a
test_1519,a
test_1520,a
test_1521,a
test_1522,a
test_1523,a
test_1524,a
test_1525,a
test_1526,a
test_1527,a
test_1528,a
test_1529,a
test_1530,a
test_1531,a
test_1532,a
test_1533,a
test_1534,a
test_1535,a
test_1536,a
test_1537,a
test_1538,a
test_1539,a
test_1540,a
test_1541,a
test_1542,a
test_1543,a
test_1544,a
test_1545,a
test_1546,a
test_1547,a
test_1548,a
test_1549,a
test_1550,a
test_1551,a
test_1552,a
test_1553,a
test_1554,a
test_1555,a
test_1556,a
test_1557,a
test_1558,a
test_1559,a
test_1560,a
test_1561,a
test_1562,a
test_1563,a
test_1564,a
test_1565,a
test_1566,a
test_1567,a
test_1568,a
test_1569,a
test_1570,a
test_1571,a
test_1572,a
test_1573,a
test_1574,a
test_1575,a
test_1576,a
test_1577,a
test_1578,a
test_1579,a
test_1580,a
test_1581,a
test_1582,a
test_1583,a
test_1584,a
test_1585,a
test_1586,a
test_1587,a
test_1588,a
test_1589,a
test_1590,a
test_1591,a
test_1592,a
test_1593,a
test_1594,a
test_1595,a
test_1596,a
test_1597,a
test_1598,a
test_1599,a
test_1600,a
test_1601,a
test_1602,a
test_1603,a
test_1604,a
test_1605,a
test_1606,a
test_1607,a
test_1608,a
test_1609,a
test_1610,a
test_1611,a
test_1612,a
test_1613,a
test_1614,a
test_1615,a
test_1616,a
test_1617,a
test_1618,a
test_1619,a
test_1620,a
test_1621,a
test_1622,a
test_1623,a
test_1624,a
test_1625,a
test_1626,a
test_1627,a
test_1628,a
test_1629,a
test_1630,a
test_1631,a
test_1632,a
test_1633,a
test_1634,a
test_1635,a
test_1636,a
test_1637,a
test_1638,a
test_1639,a
test_1640,a
test_1641,a
test_1642,a
test_1643,a
test_1644,a
test_1645,a
test_1646,a
test_1647,a
test_1648,a
test_1649,a
test_1650,a
test_1651,a
test_1652,a
test_1653,a
test_1654,a
test_1655,a
test_1656,a
test_1657,a
test_1658,a
test_1659,a
test_1660,a
test_1661,a
test_1662,a
test_1663,a
test_1664,a
test_1665,a
test_1666,a
test_1667,a
test_1668,a
test_1669,a
test_1670,a
test_1671,a
test_1672,a
test_1673,a
test_1674,a
test_1675,a
test_1676,a
test_1677,a
test_1678,a
test_1679,a
test_1680,a
test_1681,a
test_1682,a
test_1683,a
test_1684,a
test_1685,a
test_1686,a
test_1687,a
test_1688,a
test_1689,a
test_1690,a
test_1691,a
test_1692,a
test_1693,a
test_1694,a
test_1695,a
test_1696,a
test_1697,a
test_1698,a
test_1699,a
test_1700,a
test_1701,a
test_1702,a
test_1703,a
test_1704,a
test_1705,a
test_1706,a
test_1707,a
test_1708,a
test_1709,a
test_1710,a
test_1711,a
test_1712,a
test_1713,a
test_1714,a
test_1715,a
test_1716,a
test_1717,a
test_1718,a
test_1719,a
test_1720,a
test_1721,a
test_1722,a
test_1723,a
test_1724,a
test_1725,a
test_1726,a
test_1727,a
test_1728,a
test_1729,a
test_1730,a
test_1731,a
test_1732,a
test_1733,a
test_1734,a
test_1735,a
test_1736,a
test_1737,a
test_1738,a
test_1739,a
test_1740,a
test_1741,a
test_1742,a
test_1743,a
test_1744,a
test_1745,a
test_1746,a
test_1747,a
test_1748,a
test_1749,a
test_1750,a
test_1751,a
test_1752,a
test_1753,a
test_1754,a
test_1755,a
test_1756,a
test_1757,a
test_1758,a
test_1759,a
test_1760,a
test_1761,a
test_1762,a
test_1763,a
test_1764,a
test_1765,a
test_1766,a
test_1767,a
test_1768,a
test_1769,a
test_1770,a
test_1771,a
test_1772,a
test_1773,a
test_1774,a
test_1775,a
test_1776,a
test_1777,a
test_1778,a
test_1779,a
test_1780,a
test_1781,a
test_1782,a
test_1783,a
test_1784,a
test_1785,a
test_1786,a
test_1787,a
test_1788,a
test_1789,a
test_1790,a
test_1791,a
test_1792,a
test_1793,a
test_1794,a
test_1795,a
test_1796,a
test_1797,a
test_1798,a
test_1799,a
test_1800,a
test_1801,a
test_1802,a
test_1803,a
test_1804,a
test_1805,a
test_1806,a
test_1807,a
test_1808,a
test_1809,a
test_1810,a
test_1811,a
test_1812,a
test_1813,a
test_1814,a
test_1815,a
test_1816,a
test_1817,a
test_1818,a
test_1819,a
test_1820,a
test_1821,a
test_1822,a
test_1823,a
test_1824,a
test_1825,a
test_1826,a
test_1827,a
test_1828,a
test_1829,a
test_1830,a
test_1831,a
test_1832,a
test_1833,a
test_1834,a
test_1835,a
test_1836,a
test_1837,a
test_1838,a
test_1839,a
test_1840,a
test_1841,a
test_1842,a
test_1843,a
test_1844,a
test_1845,a
test_1846,a
test_1847,a
test_1848,a
test_1849,a
test_1850,a
test_1851,a
test_1852,a
test_1853,a
test_1854,a
test_1855,a
test_1856,a
test_1857,a
test_1858,a
test_1859,a
test_1860,a
test_1861,a
test_1862,a
test_1863,a
test_1864,a
test_1865,a
test_1866,a
test_1867,a
test_1868,a
test_1869,a
test_1870,a
test_1871,a
test_1872,a
test_1873,a
test_1874,a
test_1875,a
test_1876,a
test_1877,a
test_1878,a
test_1879,a
test_1880,a
test_1881,a
test_1882,a
test_1883,a
test_1884,a
test_1885,a
test_1886,a
test_1887,a
test_1888,a
test_1889,a
test_1890,a
test_1891,a
test_1892,a
test_1893,a
test_1894,a
test_1895,a
test_1896,a
test_1897,a
test_1898,a
test_1899,a
test_1900,a
test_1901,a
test_1902,a
test_1903,a
test_1904,a
test_1905,a
test_1906,a
test_1907,a
test_1908,a
test_1909,a
test_1910,a
test_1911,a
test_1912,a
test_1913,a
test_1914,a
test_1915,a
test_1916,a
test_1917,a
test_1918,a
test_1919,a
test_1920,a
test_1921,a
test_1922,a
test_1923,a
test_1924,a
test_1925,a
test_1926,a
test_1927,a
test_1928,a
test_1929,a
test_1930,a
test_1931,a
test_1932,a
test_1933,a
test_1934,a
test_1935,a
test_1936,a
test_1937,a
test_1938,a
test_1939,a
test_1940,a
test_1941,a
test_1942,a
test_1943,a
test_1944,a
test_1945,a
test_1946,a
test_1947,a
test_1948,a
test_1949,a
test_1950,a
test_1951,a
test_1952,a
test_1953,a
test_1954,a
test_1955,a
test_1956,a
test_1957,a
test_1958,a
test_1959,a
test_1960,a
test_1961,a
test_1962,a
test_1963,a
test_1964,a
test_1965,a
test_1966,a
test_1967,a
test_1968,a
test_1969,a
test_1970,a
test_1971,a
test_1972,a
test_1973,a
test_1974,a
test_1975,a
test_1976,a
test_1977,a
test_1978,a
test_1979,a
test_1980,a
test_1981,a
test_1982,a
test_1983,a
test_1984,a
test_1985,a
test_1986,a
test_1987,a
test_1988,a
test_1989,a
test_1990,a
test_1991,a
test_1992,a
test_1993,a
test_1994,a
test_1995,a
test_1996,a
test_1997,a
test_1998,a
test_1999,a
test_2000,a
test_2001,a
test_2002,a
test_2003,a
test_2004,a
test_2005,a
test_2006,a
test_2007,a
test_2008,a
test_2009,a
test_2010,a
test_2011,a
test_2012,a
test_2013,a
test_2014,a
test_2015,a
test_2016,a
test_2017,a
test_2018,a
test_2019,a
test_2020,a
test_2021,a
test_2022,a
test_2023,a
test_2024,a
test_2025,a
test_2026,a
test_2027,a
test_2028,a
test_2029,a
test_2030,a
test_2031,a
test_2032,a
test_2033,a
test_2034,a
test_2035,a
test_2036,a
test_2037,a
test_2038,a
test_2039,a
test_2040,a
test_2041,a
test_2042,a
test_2043,a
test_2044,a
test_2045,a
test_2046,a
test_2047,a
test_2048,a
test_2049,a
test_2050,a
test_2051,a
test_2052,a
test_2053,a
test_2054,a
test_2055,a
test_2056,a
test_2057,a
test_2058,a
test_2059,a
test_2060,a
test_2061,a
test_2062,a
test_2063,a
test_2064,a
test_2065,a
test_2066,a
test_2067,a
test_2068,a
test_2069,a
test_2070,a
test_2071,a
test_2072,a
test_2073,a
test_2074,a
test_2075,a
test_2076,a
test_2077,a
test_2078,a
test_2079,a
test_2080,a
test_2081,a
test_2082,a
test_2083,a
test_2084,a
test_2085,a
test_2086,a
test_2087,a
test_2088,a
test_2089,a
test_2090,a
test_2091,a
test_2092,a
test_2093,a
test_2094,a
test_2095,a
test_2096,a
test_2097,a
test_2098,a
test_2099,a
test_2100,a
test_2101,a
test_2102,a
test_2103,a
test_2104,a
test_2105,a
test_2106,a
test_2107,a
test_2108,a
test_2109,a
test_2110,a
test_2111,a
test_2112,a
test_2113,a
test_2114,a
test_2115,a
test_2116,a
test_2117,a
test_2118,a
test_2119,a
test_2120,a
test_2121,a
test_2122,a
test_2123,a
test_2124,a
test_2125,a
test_2126,a
test_2127,a
test_2128,a
test_2129,a
test_2130,a
test_2131,a
test_2132,a
test_2133,a
test_2134,a
test_2135,a
test_2136,a
test_2137,a
test_2138,a
test_2139,a
test_2140,a
test_2141,a
test_2142,a
test_2143,a
test_2144,a
test_2145,a
test_2146,a
test_2147,a
test_2148,a
test_2149,a
test_2150,a
test_2151,a
test_2152,a
test_2153,a
test_2154,a
test_2155,a
test_2156,a
test_2157,a
test_2158,a
test_2159,a
test_2160,a
test_2161,a
test_2162,a
test_2163,a
test_2164,a
test_2165,a
test_2166,a
test_2167,a
test_2168,a
test_2169,a
test_2170,a
test_2171,a
test_2172,a
test_2173,a
test_2174,a
test_2175,a
test_2176,a
test_2177,a
test_2178,a
test_2179,a
test_2180,a
test_2181,a
test_2182,a
test_2183,a
test_2184,a
test_2185,a
test_2186,a
test_2187,a
test_2188,a
test_2189,a
test_2190,a
test_2191,a
test_2192,a
test_2193,a
test_2194,a
test_2195,a
test_2196,a
test_2197,a
test_2198,a
test_2199,a
test_2200,a
test_2201,a
test_2202,a
test_2203,a
test_2204,a
test_2205,a
test_2206,a
test_2207,a
test_2208,a
test_2209,a
test_2210,a
test_2211,a
test_2212,a
test_2213,a
test_2214,a
test_2215,a
test_2216,a
test_2217,a
test_2218,a
test_2219,a
test_2220,a
test_2221,a
test_2222,a
test_2223,a
test_2224,a
test_2225,a
test_2226,a
test_2227,a
test_2228,a
test_2229,a
test_2230,a
test_2231,a
test_2232,a
test_2233,a
test_2234,a
test_2235,a
test_2236,a
test_2237,a
test_2238,a
test_2239,a
test_2240,a
test_2241,a
test_2242,a
test_2243,a
test_2244,a
test_2245,a
test_2246,a
test_2247,a
test_2248,a
test_2249,a
test_2250,a
test_2251,a
test_2252,a
test_2253,a
test_2254,a
test_2255,a
test_2256,a
test_2257,a
test_2258,a
test_2259,a
test_2260,a
test_2261,a
test_2262,a
test_2263,a
test_2264,a
test_2265,a
test_2266,a
test_2267,a
test_2268,a
test_2269,a
test_2270,a
test_2271,a
test_2272,a
test_2273,a
test_2274,a
test_2275,a
test_2276,a
test_2277,a
test_2278,a
test_2279,a
test_2280,a
test_2281,a
test_2282,a
test_2283,a
test_2284,a
test_2285,a
test_2286,a
test_2287,a
test_2288,a
test_2289,a
test_2290,a
test_2291,a
test_2292,a
test_2293,a
test_2294,a
test_2295,a
test_2296,a
test_2297,a
test_2298,a
test_2299,a
test_2300,a
test_2301,a
test_2302,a
test_2303,a
test_2304,a
test_2305,a
test_2306,a
test_2307,a
test_2308,a
test_2309,a
test_2310,a
test_2311,a
test_2312,a
test_2313,a
test_2314,a
test_2315,a
test_2316,a
test_2317,a
test_2318,a
test_2319,a
test_2320,a
test_2321,a
test_2322,a
test_2323,a
test_2324,a
test_2325,a
test_2326,a
test_2327,a
test_2328,a
test_2329,a
test_2330,a
test_2331,a
test_2332,a
test_2333,a
test_2334,a
test_2335,a
test_2336,a
test_2337,a
test_2338,a
test_2339,a
test_2340,a
test_2341,a
test_2342,a
test_2343,a
test_2344,a
test_2345,a
test_2346,a
test_2347,a
test_2348,a
test_2349,a
test_2350,a
test_2351,a
test_2352,a
test_2353,a
test_2354,a
test_2355,a
test_2356,a
test_2357,a
test_2358,a
test_2359,a
test_2360,a
test_2361,a
test_2362,a
test_2363,a
test_2364,a
test_2365,a
test_2366,a
test_2367,a
test_2368,a
test_2369,a
test_2370,a
test_2371,a
test_2372,a
test_2373,a
test_2374,a
test_2375,a
test_2376,a
test_2377,a
test_2378,a
test_2379,a
test_2380,a
test_2381,a
test_2382,a
test_2383,a
test_2384,a
test_2385,a
test_2386,a
test_2387,a
test_2388,a
test_2389,a
test_2390,a
test_2391,a
test_2392,a
test_2393,a
test_2394,a
test_2395,a
test_2396,a
test_2397,a
test_2398,a
test_2399,a
test_2400,a
test_2401,a
test_2402,a
test_2403,a
test_2404,a
test_2405,a
test_2406,a
test_2407,a
test_2408,a
test_2409,a
test_2410,a
test_2411,a
test_2412,a
test_2413,a
test_2414,a
test_2415,a
test_2416,a
test_2417,a
test_2418,a
test_2419,a
test_2420,a
test_2421,a
test_2422,a
test_2423,a
test_2424,a
test_2425,a
test_2426,a
test_2427,a
test_2428,a
test_2429,a
test_2430,a
test_2431,a
test_2432,a
test_2433,a
test_2434,a
test_2435,a
test_2436,a
test_2437,a
test_2438,a
test_2439,a
test_2440,a
test_2441,a
test_2442,a
test_2443,a
test_2444,a
test_2445,a
test_2446,a
test_2447,a
test_2448,a
test_2449,a
test_2450,a
test_2451,a
test_2452,a
test_2453,a
test_2454,a
test_2455,a
test_2456,a
test_2457,a
test_2458,a
test_2459,a
test_2460,a
test_2461,a
test_2462,a
test_2463,a
test_2464,a
test_2465,a
test_2466,a
test_2467,a
test_2468,a
test_2469,a
test_2470,a
test_2471,a
test_2472,a
test_2473,a
test_2474,a
test_2475,a
test_2476,a
test_2477,a
test_2478,a
test_2479,a
test_2480,a
test_2481,a
test_2482,a
test_2483,a
test_2484,a
test_2485,a
test_2486,a
test_2487,a
test_2488,a
test_2489,a
test_2490,a
test_2491,a
test_2492,a
test_2493,a
test_2494,a
test_2495,a
test_2496,a
test_2497,a
test_2498,a
test_2499,a
test_2500,a
test_2501,a
test_2502,a
test_2503,a
test_2504,a
test_2505,a
test_2506,a
test_2507,a
test_2508,a
test_2509,a
test_2510,a
test_2511,a
test_2512,a
test_2513,a
test_2514,a
test_2515,a
test_2516,a
test_2517,a
test_2518,a
test_2519,a
test_2520,a
test_2521,a
test_2522,a
test_2523,a
test_2524,a
test_2525,a
test_2526,a
test_2527,a
test_2528,a
test_2529,a
test_2530,a
test_2531,a
test_2532,a
test_2533,a
test_2534,a
test_2535,a
test_2536,a
test_2537,a
test_2538,a
test_2539,a
test_2540,a
test_2541,a
test_2542,a
test_2543,a
test_2544,a
test_2545,a
test_2546,a
test_2547,a
test_2548,a
test_2549,a
test_2550,a
test_2551,a
test_2552,a
test_2553,a
test_2554,a
test_2555,a
test_2556,a
test_2557,a
test_2558,a
test_2559,a
test_2560,a
test_2561,a
test_2562,a
test_2563,a
test_2564,a
test_2565,a
test_2566,a
test_2567,a
test_2568,a
test_2569,a
test_2570,a
test_2571,a
test_2572,a
test_2573,a
test_2574,a
test_2575,a
test_2576,a
test_2577,a
test_2578,a
test_2579,a
test_2580,a
test_2581,a
test_2582,a
test_2583,a
test_2584,a
test_2585,a
test_2586,a
test_2587,a
test_2588,a
test_2589,a
test_2590,a
test_2591,a
test_2592,a
test_2593,a
test_2594,a
test_2595,a
test_2596,a
test_2597,a
test_2598,a
test_2599,a
test_2600,a
test_2601,a
test_2602,a
test_2603,a
test_2604,a
test_2605,a
test_2606,a
test_2607,a
test_2608,a
test_2609,a
test_2610,a
test_2611,a
test_2612,a
test_2613,a
test_2614,a
test_2615,a
test_2616,a
test_2617,a
test_2618,a
test_2619,a
test_2620,a
test_2621,a
test_2622,a
test_2623,a
test_2624,a
test_2625,a
test_2626,a
test_2627,a
test_2628,a
test_2629,a
test_2630,a
test_2631,a
test_2632,a
test_2633,a
test_2634,a
test_2635,a
test_2636,a
test_2637,a
test_2638,a
test_2639,a
test_2640,a
test_2641,a
test_2642,a
test_2643,a
test_2644,a
test_2645,a
test_2646,a
test_2647,a
test_2648,a
test_2649,a
test_2650,a
test_2651,a
test_2652,a
test_2653,a
test_2654,a
test_2655,a
test_2656,a
test_2657,a
test_2658,a
test_2659,a
test_2660,a
test_2661,a
test_2662,a
test_2663,a
test_2664,a
test_2665,a
test_2666,a
test_2667,a
test_2668,a
test_2669,a
test_2670,a
test_2671,a
test_2672,a
test_2673,a
test_2674,a
test_2675,a
test_2676,a
test_2677,a
test_2678,a
test_2679,a
test_2680,a
test_2681,a
test_2682,a
test_2683,a
test_2684,a
test_2685,a
test_2686,a
test_2687,a
test_2688,a
test_2689,a
test_2690,a
test_2691,a
test_2692,a
test_2693,a
test_2694,a
test_2695,a
test_2696,a
test_2697,a
test_2698,a
test_2699,a
test_2700,a
test_2701,a
test_2702,a
test_2703,a
test_2704,a
test_2705,a
test_2706,a
test_2707,a
test_2708,a
test_2709,a
test_2710,a
test_2711,a
test_2712,a
test_2713,a
test_2714,a
test_2715,a
test_2716,a
test_2717,a
test_2718,a
test_2719,a
test_2720,a
test_2721,a
test_2722,a
test_2723,a
test_2724,a
test_2725,a
test_2726,a
test_2727,a
test_2728,a
test_2729,a
test_2730,a
test_2731,a
test_2732,a
test_2733,a
test_2734,a
test_2735,a
test_2736,a
test_2737,a
test_2738,a
test_2739,a
test_2740,a
test_2741,a
test_2742,a
test_2743,a
test_2744,a
test_2745,a
test_2746,a
test_2747,a
test_2748,a
test_2749,a
test_2750,a
test_2751,a
test_2752,a
test_2753,a
test_2754,a
test_2755,a
test_2756,a
test_2757,a
test_2758,a
test_2759,a
test_2760,a
test_2761,a
test_2762,a
test_2763,a
test_2764,a
test_2765,a
test_2766,a
test_2767,a
test_2768,a
test_2769,a
test_2770,a
test_2771,a
test_2772,a
test_2773,a
test_2774,a
test_2775,a
test_2776,a
test_2777,a
test_2778,a
test_2779,a
test_2780,a
test_2781,a
test_2782,a
test_2783,a
test_2784,a
test_2785,a
test_2786,a
test_2787,a
test_2788,a
test_2789,a
test_2790,a
test_2791,a
test_2792,a
test_2793,a
test_2794,a
test_2795,a
test_2796,a
test_2797,a
test_2798,a
test_2799,a
test_2800,a
test_2801,a
test_2802,a
test_2803,a
test_2804,a
test_2805,a
test_2806,a
test_2807,a
test_2808,a
test_2809,a
test_2810,a
test_2811,a
test_2812,a
test_2813,a
test_2814,a
test_2815,a
test_2816,a
test_2817,a
test_2818,a
test_2819,a
test_2820,a
test_2821,a
test_2822,a
test_2823,a
test_2824,a
test_2825,a
test_2826,a
test_2827,a
test_2828,a
test_2829,a
test_2830,a
test_2831,a
test_2832,a
test_2833,a
test_2834,a
test_2835,a
test_2836,a
test_2837,a
test_2838,a
test_2839,a
test_2840,a
test_2841,a
test_2842,a
test_2843,a
test_2844,a
test_2845,a
test_2846,a
test_2847,a
test_2848,a
test_2849,a
test_2850,a
test_2851,a
test_2852,a
test_2853,a
test_2854,a
test_2855,a
test_2856,a
test_2857,a
test_2858,a
test_2859,a
test_2860,a
test_2861,a
test_2862,a
test_2863,a
test_2864,a
test_2865,a
test_2866,a
test_2867,a
test_2868,a
test_2869,a
test_2870,a
test_2871,a
test_2872,a
test_2873,a
test_2874,a
test_2875,a
test_2876,a
test_2877,a
test_2878,a
test_2879,a
test_2880,a
test_2881,a
test_2882,a
test_2883,a
test_2884,a
test_2885,a
test_2886,a
test_2887,a
test_2888,a
test_2889,a
test_2890,a
test_2891,a
test_2892,a
test_2893,a
test_2894,a
test_2895,a
test_2896,a
test_2897,a
test_2898,a
test_2899,a
test_2900,a
test_2901,a
test_2902,a
test_2903,a
test_2904,a
test_2905,a
test_2906,a
test_2907,a
test_2908,a
test_2909,a
test_2910,a
test_2911,a
test_2912,a
test_2913,a
test_2914,a
test_2915,a
test_2916,a
test_2917,a
test_2918,a
test_2919,a
test_2920,a
test_2921,a
test_2922,a
test_2923,a
test_2924,a
test_2925,a
test_2926,a
test_2927,a
test_2928,a
test_2929,a
test_2930,a
test_2931,a
test_2932,a
test_2933,a
test_2934,a
test_2935,a
test_2936,a
test_2937,a
test_2938,a
test_2939,a
test_2940,a
test_2941,a
test_2942,a
test_2943,a
test_2944,a
test_2945,a
test_2946,a
test_2947,a
test_2948,a
test_2949,a
test_2950,a
test_2951,a
test_2952,a
test_2953,a
test_2954,a
test_2955,a
test_2956,a
test_2957,a
test_2958,a
test_2959,a
test_2960,a
test_2961,a
test_2962,a
test_2963,a
test_2964,a
test_2965,a
test_2966,a
test_2967,a
test_2968,a
test_2969,a
test_2970,a
test_2971,a
test_2972,a
test_2973,a
test_2974,a
test_2975,a
test_2976,a
test_2977,a
test_2978,a
test_2979,a
test_2980,a
test_2981,a
test_2982,a
test_2983,a
test_2984,a
test_2985,a
test_2986,a
test_2987,a
test_2988,a
test_2989,a
test_2990,a
test_2991,a
test_2992,a
test_2993,a
test_2994,a
test_2995,a
test_2996,a
test_2997,a
test_2998,a
test_2999,a
test_3000,a
test_3001,a
test_3002,a
test_3003,a
test_3004,a
test_3005,a
test_3006,a
test_3007,a
test_3008,a
test_3009,a
test_3010,a
test_3011,a
test_3012,a
test_3013,a
test_3014,a
test_3015,a
test_3016,a
test_3017,a
test_3018,a
test_3019,a
test_3020,a
test_3021,a
test_3022,a
test_3023,a
test_3024,a
test_3025,a
test_3026,a
test_3027,a
test_3028,a
test_3029,a
test_3030,a
test_3031,a
test_3032,a
test_3033,a
test_3034,a
test_3035,a
test_3036,a
test_3037,a
test_3038,a
test_3039,a
test_3040,a
test_3041,a
test_3042,a
test_3043,a
test_3044,a
test_3045,a
test_3046,a
test_3047,a
test_3048,a
test_3049,a
test_3050,a
test_3051,a
test_3052,a
test_3053,a
test_3054,a
test_3055,a
test_3056,a
test_3057,a
test_3058,a
test_3059,a
test_3060,a
test_3061,a
test_3062,a
test_3063,a
test_3064,a
test_3065,a
test_3066,a
test_3067,a
test_3068,a
test_3069,a
test_3070,a
test_3071,a
test_3072,a
test_3073,a
test_3074,a
test_3075,a
test_3076,a
test_3077,a
test_3078,a
test_3079,a
test_3080,a
test_3081,a
test_3082,a
test_3083,a
test_3084,a
test_3085,a
test_3086,a
test_3087,a
test_3088,a
test_3089,a
test_3090,a
test_3091,a
test_3092,a
test_3093,a
test_3094,a
test_3095,a
test_3096,a
test_3097,a
test_3098,a
test_3099,a
test_3100,a
test_3101,a
test_3102,a
test_3103,a
test_3104,a
test_3105,a
test_3106,a
test_3107,a
test_3108,a
test_3109,a
test_3110,a
test_3111,a
test_3112,a
test_3113,a
test_3114,a
test_3115,a
test_3116,a
test_3117,a
test_3118,a
test_3119,a
test_3120,a
test_3121,a
test_3122,a
test_3123,a
test_3124,a
test_3125,a
test_3126,a
test_3127,a
test_3128,a
test_3129,a
test_3130,a
test_3131,a
test_3132,a
test_3133,a
test_3134,a
test_3135,a
test_3136,a
test_3137,a
test_3138,a
test_3139,a
test_3140,a
test_3141,a
test_3142,a
test_3143,a
test_3144,a
test_3145,a
test_3146,a
test_3147,a
test_3148,a
test_3149,a
test_3150,a
test_3151,a
test_3152,a
test_3153,a
test_3154,a
test_3155,a
test_3156,a
test_3157,a
test_3158,a
test_3159,a
test_3160,a
test_3161,a
test_3162,a
test_3163,a
test_3164,a
test_3165,a
test_3166,a
test_3167,a
test_3168,a
test_3169,a
test_3170,a
test_3171,a
test_3172,a
test_3173,a
test_3174,a
test_3175,a
test_3176,a
test_3177,a
test_3178,a
test_3179,a
test_3180,a
test_3181,a
test_3182,a
test_3183,a
test_3184,a
test_3185,a
test_3186,a
test_3187,a
test_3188,a
test_3189,a
test_3190,a
test_3191,a
test_3192,a
test_3193,a
test_3194,a
test_3195,a
test_3196,a
test_3197,a
test_3198,a
test_3199,a
test_3200,a
test_3201,a
test_3202,a
test_3203,a
test_3204,a
test_3205,a
test_3206,a
test_3207,a
test_3208,a
test_3209,a
test_3210,a
test_3211,a
test_3212,a
test_3213,a
test_3214,a
test_3215,a
test_3216,a
test_3217,a
test_3218,a
test_3219,a
test_3220,a
test_3221,a
test_3222,a
test_3223,a
test_3224,a
test_3225,a
test_3226,a
test_3227,a
test_3228,a
test_3229,a
test_3230,a
test_3231,a
test_3232,a
test_3233,a
test_3234,a
test_3235,a
test_3236,a
test_3237,a
test_3238,a
test_3239,a
test_3240,a
test_3241,a
test_3242,a
test_3243,a
test_3244,a
test_3245,a
test_3246,a
test_3247,a
test_3248,a
test_3249,a
test_3250,a
test_3251,a
test_3252,a
test_3253,a
test_3254,a
test_3255,a
test_3256,a
test_3257,a
test_3258,a
test_3259,a
test_3260,a
test_3261,a
test_3262,a
test_3263,a
test_3264,a
test_3265,a
test_3266,a
test_3267,a
test_3268,a
test_3269,a
test_3270,a
test_3271,a
test_3272,a
test_3273,a
test_3274,a
test_3275,a
test_3276,a
test_3277,a
test_3278,a
test_3279,a
test_3280,a
test_3281,a
test_3282,a
test_3283,a
test_3284,a
test_3285,a
test_3286,a
test_3287,a
test_3288,a
test_3289,a
test_3290,a
test_3291,a
test_3292,a
test_3293,a
test_3294,a
test_3295,a
test_3296,a
test_3297,a
test_3298,a
test_3299,a
test_3300,a
test_3301,a
test_3302,a
test_3303,a
test_3304,a
test_3305,a
test_3306,a
test_3307,a
test_3308,a
test_3309,a
test_3310,a
test_3311,a
test_3312,a
test_3313,a
test_3314,a
test_3315,a
test_3316,a
test_3317,a
test_3318,a
test_3319,a
test_3320,a
test_3321,a
test_3322,a
test_3323,a
test_3324,a
test_3325,a
test_3326,a
test_3327,a
test_3328,a
test_3329,a
test_3330,a
test_3331,a
test_3332,a
test_3333,a
test_3334,a
test_3335,a
test_3336,a
test_3337,a
test_3338,a
test_3339,a
test_3340,a
test_3341,a
test_3342,a
test_3343,a
test_3344,a
test_3345,a
test_3346,a
test_3347,a
test_3348,a
test_3349,a
test_3350,a
test_3351,a
test_3352,a
test_3353,a
test_3354,a
test_3355,a
test_3356,a
test_3357,a
test_3358,a
test_3359,a
test_3360,a
test_3361,a
test_3362,a
test_3363,a
test_3364,a
test_3365,a
test_3366,a
test_3367,a
test_3368,a
test_3369,a
test_3370,a
test_3371,a
test_3372,a
test_3373,a
test_3374,a
test_3375,a
test_3376,a
test_3377,a
test_3378,a
test_3379,a
test_3380,a
test_3381,a
test_3382,a
test_3383,a
test_3384,a
test_3385,a
test_3386,a
test_3387,a
test_3388,a
test_3389,a
test_3390,a
test_3391,a
test_3392,a
test_3393,a
test_3394,a
test_3395,a
test_3396,a
test_3397,a
test_3398,a
test_3399,a
test_3400,a
test_3401,a
test_3402,a
test_3403,a
test_3404,a
test_3405,a
test_3406,a
test_3407,a
test_3408,a
test_3409,a
test_3410,a
test_3411,a
test_3412,a
test_3413,a
test_3414,a
test_3415,a
test_3416,a
test_3417,a
test_3418,a
test_3419,a
test_3420,a
test_3421,a
test_3422,a
test_3423,a
test_3424,a
test_3425,a
test_3426,a
test_3427,a
test_3428,a
test_3429,a
test_3430,a
test_3431,a
test_3432,a
test_3433,a
test_3434,a
test_3435,a
test_3436,a
test_3437,a
test_3438,a
test_3439,a
test_3440,a
test_3441,a
test_3442,a
test_3443,a
test_3444,a
test_3445,a
test_3446,a
test_3447,a
test_3448,a
test_3449,a
test_3450,a
test_3451,a
test_3452,a
test_3453,a
test_3454,a
test_3455,a
test_3456,a
test_3457,a
test_3458,a
test_3459,a
test_3460,a
test_3461,a
test_3462,a
test_3463,a
test_3464,a
test_3465,a
test_3466,a
test_3467,a
test_3468,a
test_3469,a
test_3470,a
test_3471,a
test_3472,a
test_3473,a
test_3474,a
test_3475,a
test_3476,a
test_3477,a
test_3478,a
test_3479,a
test_3480,a
test_3481,a
test_3482,a
test_3483,a
test_3484,a
test_3485,a
test_3486,a
test_3487,a
test_3488,a
test_3489,a
test_3490,a
test_3491,a
test_3492,a
test_3493,a
test_3494,a
test_3495,a
test_3496,a
test_3497,a
test_3498,a
test_3499,a
test_3500,a
test_3501,a
test_3502,a
test_3503,a
test_3504,a
test_3505,a
test_3506,a
test_3507,a
test_3508,a
test_3509,a
test_3510,a
test_3511,a
test_3512,a
test_3513,a
test_3514,a
test_3515,a
test_3516,a
test_3517,a
test_3518,a
test_3519,a
test_3520,a
test_3521,a
test_3522,a
test_3523,a
test_3524,a
test_3525,a
test_3526,a
test_3527,a
test_3528,a
test_3529,a
test_3530,a
test_3531,a
test_3532,a
test_3533,a
test_3534,a
test_3535,a
test_3536,a
test_3537,a
test_3538,a
test_3539,a
test_3540,a
test_3541,a
test_3542,a
test_3543,a
test_3544,a
test_3545,a
test_3546,a
test_3547,a
test_3548,a
test_3549,a
test_3550,a
test_3551,a
test_3552,a
test_3553,a
test_3554,a
test_3555,a
test_3556,a
test_3557,a
test_3558,a
test_3559,a
test_3560,a
test_3561,a
test_3562,a
test_3563,a
test_3564,a
test_3565,a
test_3566,a
test_3567,a
test_3568,a
test_3569,a
test_3570,a
test_3571,a
test_3572,a
test_3573,a
test_3574,a
test_3575,a
test_3576,a
test_3577,a
test_3578,a
test_3579,a
test_3580,a
test_3581,a
test_3582,a
test_3583,a
test_3584,a
test_3585,a
test_3586,a
test_3587,a
test_3588,a
test_3589,a
test_3590,a
test_3591,a
test_3592,a
test_3593,a
test_3594,a
test_3595,a
test_3596,a
test_3597,a
test_3598,a
test_3599,a
test_3600,a
test_3601,a
test_3602,a
test_3603,a
test_3604,a
test_3605,a
test_3606,a
test_3607,a
test_3608,a
test_3609,a
test_3610,a
test_3611,a
test_3612,a
test_3613,a
test_3614,a
test_3615,a
test_3616,a
test_3617,a
test_3618,a
test_3619,a
test_3620,a
test_3621,a
test_3622,a
test_3623,a
test_3624,a
test_3625,a
test_3626,a
test_3627,a
test_3628,a
test_3629,a
test_3630,a
test_3631,a
test_3632,a
test_3633,a
test_3634,a
test_3635,a
test_3636,a
test_3637,a
test_3638,a
test_3639,a
test_3640,a
test_3641,a
test_3642,a
test_3643,a
test_3644,a
test_3645,a
test_3646,a
test_3647,a
test_3648,a
test_3649,a
test_3650,a
test_3651,a
test_3652,a
test_3653,a
test_3654,a
test_3655,a
test_3656,a
test_3657,a
test_3658,a
test_3659,a
test_3660,a
test_3661,a
test_3662,a
test_3663,a
test_3664,a
test_3665,a
test_3666,a
test_3667,a
test_3668,a
test_3669,a
test_3670,a
test_3671,a
test_3672,a
test_3673,a
test_3674,a
test_3675,a
test_3676,a
test_3677,a
test_3678,a
test_3679,a
test_3680,a
test_3681,a
test_3682,a
test_3683,a
test_3684,a
test_3685,a
test_3686,a
test_3687,a
test_3688,a
test_3689,a
test_3690,a
test_3691,a
test_3692,a
test_3693,a
test_3694,a
test_3695,a
test_3696,a
test_3697,a
test_3698,a
test_3699,a
test_3700,a
test_3701,a
test_3702,a
test_3703,a
test_3704,a
test_3705,a
test_3706,a
test_3707,a
test_3708,a
test_3709,a
test_3710,a
test_3711,a
test_3712,a
test_3713,a
test_3714,a
test_3715,a
test_3716,a
test_3717,a
test_3718,a
test_3719,a
test_3720,a
test_3721,a
test_3722,a
test_3723,a
test_3724,a
test_3725,a
test_3726,a
test_3727,a
test_3728,a
test_3729,a
test_3730,a
test_3731,a
test_3732,a
test_3733,a
test_3734,a
test_3735,a
test_3736,a
test_3737,a
test_3738,a
test_3739,a
test_3740,a
test_3741,a
test_3742,a
test_3743,a
test_3744,a
test_3745,a
test_3746,a
test_3747,a
test_3748,a
test_3749,a
test_3750,a
test_3751,a
test_3752,a
test_3753,a
test_3754,a
test_3755,a
test_3756,a
test_3757,a
test_3758,a
test_3759,a
test_3760,a
test_3761,a
test_3762,a
test_3763,a
test_3764,a
test_3765,a
test_3766,a
test_3767,a
test_3768,a
test_3769,a
test_3770,a
test_3771,a
test_3772,a
test_3773,a
test_3774,a
test_3775,a
test_3776,a
test_3777,a
test_3778,a
test_3779,a
test_3780,a
test_3781,a
test_3782,a
test_3783,a
test_3784,a
test_3785,a
test_3786,a
test_3787,a
test_3788,a
test_3789,a
test_3790,a
test_3791,a
test_3792,a
test_3793,a
test_3794,a
test_3795,a
test_3796,a
test_3797,a
test_3798,a
test_3799,a
test_3800,a
test_3801,a
test_3802,a
test_3803,a
test_3804,a
test_3805,a
test_3806,a
test_3807,a
test_3808,a
test_3809,a
test_3810,a
test_3811,a
test_3812,a
test_3813,a
test_3814,a
test_3815,a
test_3816,a
test_3817,a
test_3818,a
test_3819,a
test_3820,a
test_3821,a
test_3822,a
test_3823,a
test_3824,a
test_3825,a
test_3826,a
test_3827,a
test_3828,a
test_3829,a
test_3830,a
test_3831,a
test_3832,a
test_3833,a
test_3834,a
test_3835,a
test_3836,a
test_3837,a
test_3838,a
test_3839,a
test_3840,a
test_3841,a
test_3842,a
test_3843,a
test_3844,a
test_3845,a
test_3846,a
test_3847,a
test_3848,a
test_3849,a
test_3850,a
test_3851,a
test_3852,a
test_3853,a
test_3854,a
test_3855,a
test_3856,a
test_3857,a
test_3858,a
test_3859,a
test_3860,a
test_3861,a
test_3862,a
test_3863,a
test_3864,a
test_3865,a
test_3866,a
test_3867,a
test_3868,a
test_3869,a
test_3870,a
test_3871,a
test_3872,a
test_3873,a
test_3874,a
test_3875,a
test_3876,a
test_3877,a
test_3878,a
test_3879,a
test_3880,a
test_3881,a
test_3882,a
test_3883,a
test_3884,a
test_3885,a
test_3886,a
test_3887,a
